{"type": "metrics", "dataset": "train", "precision": 0.9635480388629004, "balanced_accuracy": 0.6663240424480257, "recall": 0.39026455026455026, "f1_score": 0.4914712153518124}
{"type": "metrics", "dataset": "test", "precision": 0.6745536445536445, "balanced_accuracy": 0.6757732544537411, "recall": 0.412906610703043, "f1_score": 0.5033578509753758}
{"type": "cm_matrix", "dataset": "train", "true_0": {"predicted_0": 15493, "predicted_1": 935}, "true_1": {"predicted_0": 2881, "predicted_1": 1844}}
{"type": "cm_matrix", "dataset": "test", "true_0": {"predicted_0": 6739, "predicted_1": 434}, "true_1": {"predicted_0": 1119, "predicted_1": 787}}
